bs_v_mean,bs_v_std,ep_len,ep_r_bs_sum,ep_r_ue_sum,epsilon,fair_ep,fair_mean_step,loss_bs,loss_ue,on_ratio_mean,thr_last,thr_mean,thr_sum,type,ue_v_mean,ue_v_std
,,200.0,-367.20473500341177,-4568.886169675484,0.9048147898403269,0.8613466930592277,0.0773665214409068,,,0.8183333333333332,0.25863215729588473,2.494312934170671,498.8625868341342,rollout,,
,,200.0,-1156.983977995813,-7074.455547509501,0.8186898039137951,0.788573281945968,0.07357978268630873,,,0.815,4.286230969187756,2.1679134489467202,433.58268978934404,rollout,,
,,200.0,-1801.8624221682549,-8061.801317160014,0.7407626428726788,0.8067147272208949,0.07313527530587793,,,0.8166666666666668,4.60287856482041,2.2411795801845487,448.23591603690977,rollout,,
,,200.0,-2796.8929158449173,-8664.40620297399,0.6702529950324074,0.6924652003214148,0.07518173194367421,,,0.84,0.6798183560822895,2.079435379636083,415.88707592721664,rollout,,
,,200.0,-3452.0845029354095,-9602.411600937614,0.606454822840097,0.8631149622183641,0.06960722669415582,,,0.815,2.200549285868887,1.8105358371089122,362.10716742178244,rollout,,
,,200.0,-4228.359353303909,-10121.533751042423,0.548729293075715,0.8343845908190898,0.07167094740883863,,,0.81,1.0891032597780255,1.9225949758897798,384.51899517795596,rollout,,
,,200.0,-5102.026686191559,-10770.842764290695,0.49649837999353363,0.859715620939178,0.07358829574073111,,,0.8083333333333335,5.142328303796086,1.5120250809695894,302.4050161939179,rollout,,
,,200.0,-5890.003789901733,-11283.770544336445,0.44923907734991153,0.7741620684607885,0.07528581199066998,,,0.7966666666666665,0.6577513482680647,1.6623226221657297,332.4645244331459,rollout,,
,,200.0,-6276.578871965408,-11785.857929519843,0.406478161360422,0.7393793449066395,0.072326745845325,,,0.745,3.9369619994303844,1.4856472010525181,297.1294402105036,rollout,,
,,200.0,-7259.714917421341,-12535.464772444107,0.3677874521460121,0.882723854686425,0.07428683437074386,,,0.78,2.1354251588968025,1.2055670577056004,241.11341154112006,rollout,,
,,200.0,-6447.842087686062,-12676.71482516679,0.3327795262194029,0.6957133800389355,0.062023661667047605,,,0.645,6.595423506630482,2.1974979554996286,439.4995910999257,rollout,,
,,200.0,-5220.484685219824,-10985.415638158589,0.3011038370793723,0.7705812021455672,0.06190747932619391,,,0.5766666666666667,0.17446422248394358,3.2116682569376853,642.3336513875371,rollout,,
,,200.0,-5443.727507561445,-9822.694982199098,0.27244320506708813,0.8146737345926823,0.06021628386025808,,,0.5483333333333333,8.070362835420665,3.048079181092985,609.615836218597,rollout,,
,,200.0,-5333.489615678787,-8796.470958369955,0.24651064133620196,0.7462213533476525,0.05809180932239457,,,0.5333333333333333,6.192055609776443,3.487460243722522,697.4920487445045,rollout,,
,,200.0,-5959.454463042319,-8246.444141924954,0.22304647413401948,0.7117098489278255,0.058772651764700756,,,0.5383333333333333,3.6792921911495613,3.2634009449198764,652.6801889839753,rollout,,
,,200.0,-6308.430301502347,-7919.5125019979105,0.2018157486181985,0.7677385924632703,0.055812434530236515,,,0.48999999999999994,7.517240339534839,3.5272985325828263,705.4597065165652,rollout,,
,,200.0,-6615.984520196915,-7488.497118400809,0.1826058741724434,0.713079425878941,0.05549174572581004,,,0.4983333333333333,3.6577105200396494,3.7529290763906427,750.5858152781285,rollout,,
,,200.0,-6915.026478290558,-6946.939091448437,0.1652244956629483,0.8244248360066134,0.05681709273443143,,,0.4783333333333333,3.8266084772106037,3.4488159210277995,689.7631842055599,rollout,,
,,200.0,-7440.938737869263,-6961.162425051182,0.1494975673197442,0.8266038954707214,0.056476250442145,,,0.475,0.25619825883001457,3.3392114230913403,667.8422846182681,rollout,,
,,200.0,-7947.837767124176,-6814.197508725566,0.13526760995605422,0.7541964729169188,0.055540247117340895,,,0.4783333333333333,0.039053598963009535,3.644912955468903,728.9825910937806,rollout,,
,,200.0,-8315.159096717834,-6428.853489034128,0.12239213407459068,0.8318587125467201,0.05677441549278365,,,0.46,3.957613932120754,4.042881317353036,808.5762634706072,rollout,,
,,200.0,-8918.0409719944,-6161.797341476412,0.11074221307080971,0.8032438370150131,0.0534380518059004,,,0.4333333333333333,4.636459154005646,4.081250067435368,816.2500134870737,rollout,,
,,200.0,-9525.565686225891,-6181.605217472332,0.1002011922461172,0.8508354402638361,0.05505385853935797,,,0.43,0.09341634747486231,4.044188127330359,808.8376254660717,rollout,,
,,200.0,-9998.086018621922,-6019.30452725847,0.09066352070392071,0.8871685021590453,0.05378780757018156,,,0.4116666666666666,3.4070932402430514,4.117451673814767,823.4903347629532,rollout,,
,,200.0,-10492.423896312714,-5909.56574943866,0.0820336944319021,0.7603934971911275,0.053034972179080556,,,0.41666666666666663,5.355563403909002,4.309916946587435,861.9833893174871,rollout,,
,,200.0,-10847.463574171066,-6046.952656446504,0.07422529998722693,0.8515149637917934,0.052359346692942496,,,0.4133333333333333,6.669490126255512,4.381452312044722,876.2904624089444,rollout,,
,,200.0,-11326.024747133255,-5844.684380954225,0.06716014920877787,0.7428594745277255,0.051487560820201395,,,0.3883333333333333,4.3036787691250105,4.70341950758726,940.683901517452,rollout,,
,,200.0,-11933.749764442444,-6106.901415315757,0.06076749629198526,0.7591892121937801,0.05186273375758248,,,0.375,5.139103624231651,4.685596176004983,937.1192352009967,rollout,,
,,200.0,-12570.887588739395,-6380.829803169001,0.05498332938655545,0.790913624264793,0.050869833181518,,,0.3733333333333333,8.87157567896676,4.4732202819857685,894.6440563971537,rollout,,
,,200.0,-13128.766632080078,-6584.4175179603335,0.05,0.7327937839429933,0.05169987269577128,,,0.37166666666666665,0.14595520286267233,4.734538266941717,946.9076533883434,rollout,,
,,200.0,-13538.174709558487,-6864.719588846211,0.05,0.6867365313539308,0.051858002512318147,,,0.37499999999999994,4.337591364658278,4.963969862612604,992.7939725225209,rollout,,
,,200.0,-13901.09698009491,-7122.359319761333,0.05,0.7590546303275033,0.05309399654647101,,,0.37833333333333335,4.759767015971553,4.448050263446535,889.6100526893069,rollout,,
,,200.0,-14691.68002319336,-7272.875984266909,0.05,0.6592917838215487,0.05196575300701552,,,0.3816666666666667,4.301151266656206,4.659848318741283,931.9696637482566,rollout,,
,,200.0,-15102.598423242569,-7560.760153286954,0.05,0.671045389388101,0.05173232691751375,,,0.38166666666666665,6.5161220452281725,4.888707363219594,977.7414726439189,rollout,,
,,200.0,-15613.63236284256,-7682.2195129655,0.05,0.6784846500952099,0.051536466040346035,,,0.38,4.249409226896896,4.533363194519066,906.6726389038133,rollout,,
,,200.0,-15952.06884098053,-7445.753121761778,0.05,0.4720146505545972,0.050723612514569805,,,0.375,3.2541462705896254,5.391242185956372,1078.2484371912744,rollout,,
,,200.0,-16691.127613306046,-7137.861510677606,0.05,0.6829136185654419,0.0513164806188737,,,0.3733333333333333,7.117138275420564,4.716928421171438,943.3856842342877,rollout,,
,,200.0,-17246.11174416542,-7272.7957257578455,0.05,0.7438506671320798,0.05188982203565548,,,0.385,3.4253429121151657,4.537720118096594,907.5440236193189,rollout,,
,,200.0,-17404.191152334213,-7428.197420156338,0.05,0.6725076265136607,0.05078727958175499,,,0.37666666666666665,8.180462713170495,5.3803836039303725,1076.0767207860745,rollout,,
,,200.0,-17949.64759451151,-7311.996725991531,0.05,0.7175199509675497,0.05100618526942785,,,0.3883333333333333,6.8292738116063445,5.661395426171967,1132.2790852343933,rollout,,
,,200.0,-18512.079827308655,-7359.328189982267,0.05,0.7112112022458537,0.05072678377073464,,,0.38,4.027408387594274,5.490909063265351,1098.1818126530702,rollout,,
,,200.0,-19109.483428955078,-7551.021603818082,0.05,0.5221084541651113,0.05182313306776185,,,0.39,4.986164934621765,6.168964464398782,1233.7928928797564,rollout,,
,,200.0,-19586.763909339905,-7709.467535526343,0.05,0.7507478967179769,0.05079884028931761,,,0.39166666666666666,5.080881588057387,5.385325194720986,1077.065038944197,rollout,,
,,200.0,-19770.15705394745,-7795.583709746901,0.05,0.6397553135871538,0.050535091203429916,,,0.38166666666666665,4.270781469846894,5.812028173505163,1162.4056347010326,rollout,,
,,200.0,-20854.607139587402,-7829.844621717289,0.05,0.7587406603226728,0.05112322426089848,,,0.375,10.04755189975659,5.147847875455875,1029.569575091175,rollout,,
,,200.0,-21247.361756324768,-8065.574384492422,0.05,0.8114263063232697,0.051725965346528006,,,0.37666666666666665,4.953399901690649,4.7027542952238,940.5508590447599,rollout,,
,,200.0,-21945.350624084473,-8050.053156998837,0.05,0.7426287855596224,0.051198814434009955,,,0.37,8.580101537484786,5.0847502085853895,1016.9500417170779,rollout,,
,,200.0,-22154.99353122711,-8245.93905205847,0.05,0.5204656394864144,0.05034602316200647,,,0.38,4.28662432968877,5.451473798095479,1090.2947596190957,rollout,,
,,200.0,-22947.584102869034,-8408.735785700695,0.05,0.7776822912127944,0.05144385818734855,,,0.3783333333333333,6.271144572519623,4.639842899595962,927.9685799191924,rollout,,
,,200.0,-23456.365673303604,-8499.422527882167,0.05,0.7404975749308561,0.05197149861802448,,,0.37166666666666665,7.741086335942707,4.725053603045897,945.0107206091794,rollout,,
,,200.0,-23973.76725411415,-8526.706370329206,0.05,0.7318340619038065,0.05217224791553007,,,0.3916666666666667,5.203297388619704,4.780574142409239,956.1148284818478,rollout,,
,,200.0,-24407.41027212143,-8600.601031615799,0.05,0.7802209187787745,0.051726951004759485,,,0.3733333333333333,7.001207230704173,4.524667392765169,904.9334785530338,rollout,,
,,200.0,-24909.080719947815,-8761.482420010596,0.05,0.708998646183686,0.051696293443952504,,,0.3783333333333333,0.028230396679891086,4.607136600086878,921.4273200173756,rollout,,
,,200.0,-25688.59951019287,-8921.97378027551,0.05,0.6952165130373276,0.051492872928471434,,,0.37166666666666665,3.465113239755277,4.714240379112109,942.8480758224217,rollout,,
,,200.0,-26061.44305062294,-9205.4986864077,0.05,0.6347865390181038,0.0520510847439968,,,0.375,3.94596915030514,4.813285993776214,962.6571987552428,rollout,,
,,200.0,-26198.476900577545,-9293.99401140683,0.05,0.741003229732879,0.05092460433259193,,,0.35666666666666663,4.348022287165346,4.476470566554142,895.2941133108284,rollout,,
,,200.0,-26926.947281837463,-9366.834258622996,0.05,0.5942085033819655,0.05240917401851886,,,0.38666666666666655,0.8658861781887255,4.84081239020515,968.16247804103,rollout,,
,,200.0,-27604.37147974968,-9309.498152952652,0.05,0.7297532067455726,0.05186237918289484,,,0.375,3.637733131989879,4.740294577333288,948.0589154666576,rollout,,
,,200.0,-28121.749874591827,-9454.679659473695,0.05,0.6849806372572261,0.052607590698169844,,,0.385,6.505496674175308,4.828887649172961,965.7775298345921,rollout,,
,,200.0,-28323.699270248413,-9617.76413546106,0.05,0.5102286010050666,0.051352289791496336,,,0.3683333333333333,0.44482352528889774,4.880484700155278,976.0969400310555,rollout,,
,,200.0,-29040.81273341179,-9816.16359697831,0.05,0.5792991048909476,0.0517858134496057,,,0.375,2.9930906249138802,5.34888752229354,1069.777504458708,rollout,,
,,200.0,-29374.975301504135,-9780.021909941252,0.05,0.7280538818423499,0.05112875015769808,,,0.3833333333333333,6.077467005139379,4.695553648500049,939.1107297000096,rollout,,
,,200.0,-30217.794323205948,-9837.085711439253,0.05,0.7492856739666633,0.05132122547594406,,,0.36666666666666664,4.04242390515522,4.748087884390913,949.6175768781826,rollout,,
,,200.0,-30925.354598999023,-9974.371492826403,0.05,0.7565137283985239,0.05192767477386532,,,0.38166666666666665,4.944753526241649,4.607175597430245,921.4351194860488,rollout,,
2617.85986328125,2430.42724609375,,,,0.05,,,2585.07666015625,5664.53662109375,,,,,update,10987.2255859375,6773.119140625
,,200.0,-31519.584548950195,-10251.598209832071,0.05,0.6880565923896936,0.052012843012746085,,,0.39,5.982622388029366,4.347800785417827,869.5601570835654,rollout,,
,,200.0,-31701.135941505432,-10676.510789087784,0.05,0.6708534749080406,0.05129744682679841,,,0.38166666666666665,4.4122765526236,4.386063837046679,877.2127674093358,rollout,,
,,200.0,-32186.73118686676,-10690.746107205514,0.05,0.7718279000881333,0.051463160131229785,,,0.38,5.060032397840619,4.42275219148719,884.550438297438,rollout,,
,,200.0,-32694.34558200836,-10799.13094720662,0.05,0.730467878311267,0.05144278577611722,,,0.38166666666666665,3.4189274508235648,4.499057495004147,899.8114990008294,rollout,,
,,200.0,-33247.34712314606,-11140.950170796692,0.05,0.7239774596324274,0.051617385479488236,,,0.37999999999999995,4.02608067584802,4.291397638994209,858.2795277988416,rollout,,
,,200.0,-33759.96447849274,-11206.587918833959,0.05,0.7391499527026488,0.051124600372349664,,,0.3783333333333333,4.03182921672128,4.3504508461957245,870.090169239145,rollout,,
,,200.0,-34300.70793247223,-11321.95095991467,0.05,0.7500156748955147,0.05179091618725853,,,0.3833333333333333,2.993885958999719,4.172497948752488,834.4995897504975,rollout,,
,,200.0,-34064.606932878494,-11548.43596628402,0.05,0.7269968928454529,0.05147060822920212,,,0.3783333333333333,3.486448972232618,4.101953922764158,820.3907845528317,rollout,,
,,200.0,-35202.71504306793,-11614.880263170888,0.05,0.682846259145018,0.052552008753322034,,,0.3883333333333333,3.811844328210981,4.718374650935629,943.6749301871257,rollout,,
,,200.0,-35902.054826557636,-11664.722115764,0.05,0.701225552298172,0.051788484002713124,,,0.39166666666666666,5.530272758491199,4.742877970072225,948.5755940144451,rollout,,
,,200.0,-36583.605697631836,-11729.768490319026,0.05,0.6994608174600383,0.051992162592788944,,,0.39333333333333337,3.9980834019083606,4.9832398441299635,996.6479688259927,rollout,,
,,200.0,-36776.89767551422,-11822.887013446067,0.05,0.7084268292780785,0.0516134644553235,,,0.4133333333333333,5.6980370856361295,4.640095438188711,928.0190876377421,rollout,,
,,200.0,-37273.62781226635,-11968.1790892002,0.05,0.7059346463091082,0.051372153571306055,,,0.37833333333333335,5.495058470252624,4.735326281282415,947.0652562564829,rollout,,
,,200.0,-38239.87333679199,-12043.622469541751,0.05,0.7443426508985548,0.052011210787218876,,,0.39,5.665191346350195,4.579691191273741,915.9382382547482,rollout,,
,,200.0,-38424.29001665115,-12300.978790561423,0.05,0.7422688629995832,0.05201285282382052,,,0.39166666666666666,4.285075888223127,4.259353776924507,851.8707553849014,rollout,,
,,200.0,-38844.267434597015,-12314.34918514364,0.05,0.7479464700950098,0.050764023830433797,,,0.3783333333333333,7.9257995708271425,4.611336639490623,922.2673278981246,rollout,,
3456.767578125,3376.03076171875,,,,0.05,,,3937.184326171875,3097.363037109375,,,,,update,10690.58984375,7076.68408203125
,,200.0,-39338.56153964996,-12328.568005501478,0.05,0.7104404531309227,0.05160642398036632,,,0.39,5.824429241745864,4.7988024741599355,959.7604948319871,rollout,,
,,200.0,-39611.31566914916,-12372.270845250676,0.05,0.7376495173388619,0.05138309832789917,,,0.3933333333333333,4.000717436011565,4.958828709712372,991.7657419424744,rollout,,
,,200.0,-40327.48881626129,-12525.560514102353,0.05,0.6453269440832134,0.051700516590033,,,0.405,0.04039058765506666,4.936463438377841,987.2926876755683,rollout,,
,,200.0,-40911.84236216545,-12787.01375423329,0.05,0.6911096763410506,0.0525626329778952,,,0.39666666666666667,6.757004220452849,4.660680584660662,932.1361169321325,rollout,,
,,200.0,-41301.02966403961,-12847.374821875314,0.05,0.5791659093084666,0.05163692575430568,,,0.39666666666666667,0.037604193645979285,5.242927026225244,1048.5854052450488,rollout,,
,,200.0,-41910.85735869408,-12965.839011031687,0.05,0.683807627466985,0.05307508969776719,,,0.40833333333333327,5.50641695987221,4.6860406119396885,937.2081223879377,rollout,,
,,200.0,-42878.87174987793,-13163.746008315726,0.05,0.6936303504176583,0.053591865669085054,,,0.3966666666666667,0.30426292439534286,4.794279485208076,958.8558970416152,rollout,,
,,200.0,-43186.838970422745,-13221.683179298088,0.05,0.6746538118608096,0.05145622137961972,,,0.39666666666666656,5.498671892548944,4.783536660847411,956.7073321694822,rollout,,
,,200.0,-43763.893657922745,-13371.758696285799,0.05,0.7205000977444904,0.05188948054253852,,,0.39,0.08951609062995355,4.520980791291238,904.1961582582475,rollout,,
,,200.0,-44226.72229015827,-13347.851077339514,0.05,0.6881580904396352,0.05226549780711391,,,0.4099999999999999,5.937143536431053,4.777925364553539,955.5850729107078,rollout,,
,,200.0,-44688.744277477264,-13517.796183570446,0.05,0.580097641403639,0.05132839500912256,,,0.395,5.111255681460496,5.177533342966806,1035.5066685933612,rollout,,
,,200.0,-45144.65008640289,-13837.696988240412,0.05,0.745190263059154,0.053501841531057595,,,0.39833333333333326,5.624338652908574,4.207351026284904,841.4702052569809,rollout,,
,,200.0,-45832.672939538956,-13763.787560322564,0.05,0.6761611784150487,0.052020561548320875,,,0.405,5.49458580953991,4.641550580759139,928.3101161518279,rollout,,
,,200.0,-46603.63836669922,-13776.00065303896,0.05,0.7247652623894809,0.05239086865707043,,,0.3999999999999999,6.462441917980123,4.568724885958117,913.7449771916234,rollout,,
,,200.0,-46652.70037102699,-13606.138089903781,0.05,0.7588306686804341,0.05102997450370806,,,0.38166666666666665,5.935931239435546,4.585399760062095,917.079952012419,rollout,,
,,200.0,-47725.517837524414,-13769.818110163318,0.05,0.7546319468865703,0.053409892451612866,,,0.3933333333333333,3.383344845733301,4.218288297557838,843.6576595115677,rollout,,
4570.49853515625,4915.54541015625,,,,0.05,,,5975.82958984375,955.7186889648438,,,,,update,9696.8955078125,6599.5908203125
,,200.0,-48068.59261727333,-14065.976965098134,0.05,0.728821103837524,0.053523059521352334,,,0.41666666666666663,4.089050062932899,3.9506298160595867,790.1259632119173,rollout,,
,,200.0,-48831.03005981445,-14283.087607364525,0.05,0.6975295984822857,0.05323502863500406,,,0.3933333333333333,6.063830540535761,4.048884768130579,809.7769536261158,rollout,,
,,200.0,-49346.94741821289,-14453.119422252666,0.05,0.6999337967254956,0.05394682589879252,,,0.4183333333333333,4.195978058829982,4.145948262327014,829.1896524654029,rollout,,
,,200.0,-49811.090576171875,-14281.455748818182,0.05,0.7552090356994511,0.05217420189416781,,,0.3833333333333333,4.77154679908011,4.489930855654084,897.9861711308168,rollout,,
,,200.0,-50134.00085091591,-14422.849457673283,0.05,0.6745900678708631,0.053357763754938274,,,0.40333333333333327,5.914901714882738,4.213658831115348,842.7317662230695,rollout,,
,,200.0,-50666.07602381706,-14813.191869610599,0.05,0.6946612374174022,0.054275054589852836,,,0.4133333333333333,5.554377369725041,4.127677140231694,825.5354280463389,rollout,,
,,200.0,-50351.016545534134,-14671.722241817595,0.05,0.7028446431236752,0.05182522333113521,,,0.39,1.6730161081961057,4.334380689963632,866.8761379927264,rollout,,
,,200.0,-51982.48960876465,-14769.573247865985,0.05,0.7251971556815363,0.05372913627283031,,,0.4116666666666666,3.0760136449395574,4.002296166276282,800.4592332552564,rollout,,
,,200.0,-51673.137899160385,-14687.564232027771,0.05,0.6710321137514421,0.052326599122040136,,,0.395,4.093962513890684,4.201260143576397,840.2520287152795,rollout,,
,,200.0,-52722.17076563835,-14674.356681632253,0.05,0.771776771517793,0.0515512057123706,,,0.37166666666666665,4.289685802430804,4.129702441577008,825.9404883154016,rollout,,
,,200.0,-53225.5920984745,-14602.583417672344,0.05,0.7177009161032287,0.05180652677175529,,,0.4049999999999999,3.8821226255018924,4.320962295508602,864.1924591017204,rollout,,
,,200.0,-54114.17825317383,-14880.91853136302,0.05,0.771436334265537,0.05329295837499085,,,0.41666666666666663,0.19642499418466347,3.9427924848129705,788.5584969625941,rollout,,
,,200.0,-54518.45520019531,-14606.644597099155,0.05,0.7175998905830859,0.0529931833674506,,,0.4133333333333333,4.294693787641549,4.5879028219243985,917.5805643848796,rollout,,
,,200.0,-54434.36855363846,-14694.174535756223,0.05,0.6401952271252151,0.05141897375822214,,,0.39833333333333326,6.148128237555948,4.793383462595537,958.6766925191074,rollout,,
,,200.0,-54977.84714961052,-14859.178012018303,0.05,0.7055506863810289,0.052328569385200065,,,0.3899999999999999,4.838361567907138,4.610873633862827,922.1747267725654,rollout,,
,,200.0,-55778.982924222946,-14849.71074586765,0.05,0.6949497867419803,0.052600864451854544,,,0.405,4.168349718492328,4.5972336811222325,919.4467362244465,rollout,,
5530.7880859375,6070.044921875,,,,0.05,,,7063.6796875,1551.4007568359375,,,,,update,9837.1787109375,6711.171875
,,200.0,-56280.41802620888,-14733.505111993001,0.05,0.6939762512240322,0.05482029336578489,,,0.43666666666666665,7.601771173844875,4.80926464644869,961.852929289738,rollout,,
,,200.0,-57115.13623046875,-14819.574937773446,0.05,0.5991402259203067,0.054654876118088745,,,0.4433333333333333,7.113023950895567,4.707794858502268,941.5589717004536,rollout,,
,,200.0,-57322.0908472538,-14809.174957952957,0.05,0.5816922774936196,0.05433761686925873,,,0.4316666666666666,3.1292789587235226,4.829762625913676,965.9525251827353,rollout,,
,,200.0,-57917.999361395836,-14690.762838892248,0.05,0.658082283756979,0.0552983670014603,,,0.44666666666666666,8.495056486464495,4.473902023686708,894.7804047373418,rollout,,
,,200.0,-57969.18506407738,-14719.877957960625,0.05,0.7105168175279505,0.05651390123810783,,,0.45166666666666666,4.908517255917732,3.714747828784791,742.9495657569582,rollout,,
,,200.0,-59258.94143676758,-14551.116549193795,0.05,0.720672346486192,0.05435530443274228,,,0.4316666666666666,7.554821649822733,4.519656419574883,903.9312839149765,rollout,,
,,200.0,-59834.97360229492,-14421.836232020514,0.05,0.7278134657613491,0.05588355524672339,,,0.43666666666666665,4.855049406378146,4.3064028282841145,861.2805656568229,rollout,,
,,200.0,-60359.67971801758,-14552.50489282641,0.05,0.7282453843125032,0.05658840989776999,,,0.45166666666666655,4.52414294743034,4.352153712203146,870.4307424406292,rollout,,
,,200.0,-60915.39581298828,-14714.529835505042,0.05,0.6501638760817814,0.057126866961728154,,,0.455,3.469566852261879,4.239275281282395,847.855056256479,rollout,,
,,200.0,-60803.29173374176,-14702.482578488358,0.05,0.7224841499119096,0.05344309069260164,,,0.42499999999999993,6.500245227063777,4.205152524103293,841.0305048206586,rollout,,
,,200.0,-60932.492005348206,-14667.052137213619,0.05,0.664096929641145,0.05407394779663863,,,0.44166666666666665,0.08943593706145019,4.52356119104777,904.7122382095541,rollout,,
,,200.0,-61709.92371861637,-14401.075313932623,0.05,0.7167693802514689,0.0542444651271571,,,0.42,6.066110481606069,4.891271551142772,978.2543102285543,rollout,,
,,200.0,-60924.947457790375,-14470.373115606559,0.05,0.6992448817467266,0.05253733818901285,,,0.42166666666666663,6.060209842054788,4.577044061963944,915.4088123927888,rollout,,
,,200.0,-62765.59252846241,-14526.330376509375,0.05,0.7000423224055222,0.05377118877020102,,,0.4383333333333333,1.1840870107876769,4.554879246944833,910.9758493889666,rollout,,
,,200.0,-62983.832250356674,-14479.930491547837,0.05,0.749257800717827,0.05595499809517396,,,0.44666666666666666,6.849151358944473,4.298107077058138,859.6214154116277,rollout,,
,,200.0,-63773.38891649246,-14687.426476381866,0.05,0.5979311900906521,0.053488678272243406,,,0.4333333333333333,5.626698030592142,4.633516785212035,926.7033570424071,rollout,,
6905.41845703125,7857.1337890625,,,,0.05,,,10127.759765625,889.7660522460938,,,,,update,9699.09765625,6413.775390625
,,200.0,-64130.11576938629,-14726.129041009433,0.05,0.529188047230553,0.05373990982420649,,,0.44166666666666665,8.713438117222859,5.408440978029429,1081.6881956058858,rollout,,
,,200.0,-65295.71612548828,-14549.489056057533,0.05,0.6079733708921997,0.05389970313313163,,,0.45166666666666655,7.609040703155482,5.543245884668013,1108.6491769336026,rollout,,
,,200.0,-65253.228082716465,-14508.331668634872,0.05,0.6220852479568103,0.05461796632347106,,,0.45833333333333326,6.686338958424415,5.018729209662627,1003.7458419325255,rollout,,
,,200.0,-65109.99686169624,-14497.755302231832,0.05,0.6303155502487763,0.05470870763077344,,,0.44333333333333336,4.700319142890162,4.797514944662987,959.5029889325973,rollout,,
,,200.0,-66070.61957335472,-14585.701429144112,0.05,0.7202413440421426,0.05614654030126649,,,0.46166666666666667,5.646171615115063,4.2521360478403185,850.4272095680636,rollout,,
,,200.0,-66933.88138723373,-14847.987711490727,0.05,0.7107122649713957,0.05787427569697257,,,0.475,6.305791840835163,4.157780007450513,831.5560014901026,rollout,,
,,200.0,-67678.6481897831,-14638.27144198639,0.05,0.7175643144957304,0.053913039887162645,,,0.44999999999999996,2.4191462455531467,4.861027850353611,972.205570070722,rollout,,
,,200.0,-68213.81904029846,-14505.442611319653,0.05,0.654903914217537,0.058376102708341406,,,0.46166666666666656,10.892538706755666,4.803349732483398,960.6699464966797,rollout,,
,,200.0,-68065.21401238441,-14472.2504209447,0.05,0.7064417498518195,0.055738563675023396,,,0.45166666666666666,3.685837633851349,4.530345476930234,906.0690953860468,rollout,,
,,200.0,-69489.07625985146,-14776.701103032632,0.05,0.6313870284772145,0.05733606382197162,,,0.4783333333333333,0.6963908610565992,3.595774353425524,719.1548706851048,rollout,,
,,200.0,-70039.5446741581,-15140.855605931501,0.05,0.7187198319144606,0.05899853463229108,,,0.47,4.005078298098882,3.5028973093662437,700.5794618732488,rollout,,
,,200.0,-70085.90842175484,-14900.311692140396,0.05,0.6969445591824712,0.05601860447881009,,,0.4483333333333333,2.934131934689005,3.9632062864520936,792.6412572904187,rollout,,
,,200.0,-69889.92604613304,-15003.875355589636,0.05,0.6730849030266807,0.05582651104474946,,,0.44166666666666665,5.172273026498568,3.964209661817624,792.8419323635248,rollout,,
,,200.0,-70757.43796825409,-14994.538762727776,0.05,0.7482268072800698,0.057069417161082915,,,0.4683333333333334,6.202511408925572,3.750115240925146,750.0230481850292,rollout,,
,,200.0,-71634.42302036285,-14982.96272633196,0.05,0.746817761949601,0.0575508944918875,,,0.4649999999999999,6.155041310439846,3.918310586636299,783.6621173272598,rollout,,
,,200.0,-72488.96688485146,-14732.050896407278,0.05,0.7456745875155247,0.05474057138716477,,,0.45666666666666667,2.493206166450595,4.081226219531897,816.2452439063794,rollout,,
8282.4423828125,9860.7802734375,,,,0.05,,,12062.6865234375,662.1514892578125,,,,,update,9438.544921875,6253.6982421875
,,200.0,-73354.38598632812,-14675.470176320394,0.05,0.6827473815694838,0.059609999928993566,,,0.48166666666666663,5.9163679677489975,4.266535660587843,853.3071321175687,rollout,,
,,200.0,-73471.24938607216,-14779.921936669669,0.05,0.6846236400737339,0.057335817699464914,,,0.46,3.2559196628908027,4.445530705630946,889.1061411261893,rollout,,
,,200.0,-73539.33982944489,-14798.65318591725,0.05,0.6305954857681518,0.057523839088754816,,,0.4766666666666666,4.748206380374421,4.767966050653862,953.5932101307724,rollout,,
,,200.0,-73824.60178160667,-14833.401414748978,0.05,0.6698095194653948,0.056885105005679525,,,0.4733333333333333,6.887607326769508,4.010803355145546,802.1606710291092,rollout,,
,,200.0,-75066.87521004677,-14995.540087235937,0.05,0.6953958783333221,0.057539761942737605,,,0.46166666666666656,4.607166642929735,4.213878324868643,842.7756649737287,rollout,,
,,200.0,-74789.52073407173,-14744.997720599808,0.05,0.6916027588347032,0.055371379596651255,,,0.455,0.8647779991934108,4.352316011023417,870.4632022046834,rollout,,
,,200.0,-76004.89205932617,-14705.477351836058,0.05,0.6854595275991876,0.056056550247501974,,,0.475,8.656876003623529,4.629198982563227,925.8397965126453,rollout,,
,,200.0,-76875.25616455078,-14716.969680707258,0.05,0.6543772472172051,0.054245226842402995,,,0.455,7.588594622086647,5.006108099308044,1001.2216198616088,rollout,,
,,200.0,-77038.15230965614,-14694.969855586434,0.05,0.6951857850435376,0.056224709981599334,,,0.475,7.007213507602545,4.873724706536923,974.7449413073847,rollout,,
,,200.0,-77656.19524788857,-14866.100858605603,0.05,0.6710258357166761,0.056552068453435515,,,0.475,9.20429659074237,4.379207073600145,875.841414720029,rollout,,
,,200.0,-78637.83218383789,-15119.068418467486,0.05,0.5912892865403732,0.059238387858947486,,,0.49,5.753777553289344,4.080913922518224,816.1827845036448,rollout,,
,,200.0,-77519.8708832264,-15174.331160036814,0.05,0.5925887238332703,0.05633923987062315,,,0.4616666666666667,5.939628981242956,4.214647532595066,842.9295065190132,rollout,,
,,200.0,-78405.82416057587,-14994.51031879093,0.05,0.6922729453331524,0.057791482751195423,,,0.46,2.168161227540027,4.158538122872822,831.7076245745644,rollout,,
,,200.0,-79821.04655694962,-14583.608428376594,0.05,0.8028304545856461,0.05967847115417503,,,0.4783333333333333,4.993905768748679,3.8622225522624323,772.4445104524865,rollout,,
,,200.0,-78225.11262202263,-14386.253252481029,0.05,0.7332633690176122,0.0572220704542406,,,0.45833333333333326,4.432149081523096,4.0373479257878735,807.4695851575747,rollout,,
,,200.0,-79966.41544055939,-14371.320179943044,0.05,0.7623286082418513,0.05751938289761054,,,0.4833333333333333,0.589949476563248,3.9537361189135516,790.7472237827103,rollout,,
9368.724609375,10838.4150390625,,,,0.05,,,12183.3857421875,469.7909240722656,,,,,update,9179.2587890625,6140.30078125
,,200.0,-80901.85916514695,-14382.4052327787,0.05,0.7861050653505282,0.05887064626561498,,,0.4733333333333333,5.7219149910350655,4.065003204625629,813.0006409251258,rollout,,
,,200.0,-82254.4478149414,-14075.651470431214,0.05,0.7634562692890831,0.058929168699540194,,,0.48,9.458426379896096,3.9630003657206925,792.6000731441385,rollout,,
,,200.0,-82438.83211922646,-14290.10122299482,0.05,0.7122882448906482,0.05760490402529772,,,0.4966666666666667,2.0049582994457387,3.6911719620382932,738.2343924076587,rollout,,
,,200.0,-83385.67123413086,-14363.290578405906,0.05,0.7527033194272144,0.05835503604275152,,,0.4799999999999999,3.977374772514645,3.7002077429342495,740.0415485868499,rollout,,
,,200.0,-83412.55392575264,-14455.053710001224,0.05,0.6089478733729777,0.05747113245517431,,,0.4666666666666666,4.6275978835639595,4.104481510365022,820.8963020730044,rollout,,
,,200.0,-83474.11542654037,-14648.163881187402,0.05,0.6331592212637305,0.05662070351341561,,,0.465,3.7181491962735764,4.137923623740111,827.5847247480223,rollout,,
,,200.0,-83971.1318987608,-14451.539342298023,0.05,0.6204041287121553,0.05800163186252593,,,0.46666666666666656,0.3865539696041719,4.286067893376875,857.213578675375,rollout,,
,,200.0,-85450.9536743164,-14591.671514286838,0.05,0.7395583028879598,0.05699510053047826,,,0.46833333333333327,0.07653786401607302,3.8833893962305757,776.6778792461151,rollout,,
,,200.0,-84606.14883971214,-14451.728803195057,0.05,0.6888047193967503,0.05837042177581995,,,0.4699999999999999,6.04532129516492,4.060480110043931,812.0960220087863,rollout,,
,,200.0,-86499.1050415039,-14515.821615416471,0.05,0.7005229494861099,0.056124277662764614,,,0.4783333333333333,5.901022762557874,3.88815377230685,777.63075446137,rollout,,
,,200.0,-86566.94118905067,-14452.955792815035,0.05,0.737807365901773,0.05645704309320612,,,0.46166666666666667,0.06947033522752834,3.9492772545369363,789.8554509073873,rollout,,
,,200.0,-86678.42849421501,-14497.993105878772,0.05,0.6989611472055993,0.057391516421297376,,,0.4783333333333333,3.8964612156408753,3.8306139048711225,766.1227809742245,rollout,,
,,200.0,-87552.93740487099,-14697.635409597015,0.05,0.5768563909371476,0.056509501240400405,,,0.4599999999999999,5.68274682272763,4.146264700129518,829.2529400259037,rollout,,
,,200.0,-88189.22185921669,-14890.00437595708,0.05,0.6833256591650181,0.05772538300159335,,,0.47,3.83373493354194,3.690994761574376,738.1989523148752,rollout,,
,,200.0,-88261.4723367691,-15111.08616381522,0.05,0.5455956192927781,0.05835528032743113,,,0.4983333333333333,5.4544847887190935,3.618822390000545,723.764478000109,rollout,,
,,200.0,-89145.94222664833,-15113.717569158294,0.05,0.7222142516840321,0.05714414056738587,,,0.4533333333333333,3.7485837907080137,4.06322880957069,812.645761914138,rollout,,
10930.23046875,12679.6884765625,,,,0.05,,,16358.103515625,491.8566589355469,,,,,update,9068.6875,6008.57666015625
,,200.0,-89233.52009677887,-14427.976438379921,0.05,0.6397790728916016,0.05786931057811403,,,0.48666666666666664,3.7737443532981465,4.077079641337251,815.4159282674502,rollout,,
,,200.0,-90234.86864876747,-14138.614274897249,0.05,0.770530525877617,0.05922037769243161,,,0.475,0.04835770364997253,3.7894247922957662,757.8849584591533,rollout,,
,,200.0,-91194.32553100586,-13809.44262115338,0.05,0.7247705857619163,0.05715088674666978,,,0.46833333333333327,5.031923630694166,3.994024795656635,798.804959131327,rollout,,
,,200.0,-91721.48779296875,-13779.007697915149,0.05,0.7359922836247248,0.058094768944507484,,,0.4733333333333333,3.9943789059581785,4.076568216885019,815.3136433770039,rollout,,
,,200.0,-91756.16198372841,-13941.404750147656,0.05,0.5186531159260962,0.05771801110845589,,,0.48166666666666663,4.654543640470691,4.178380276528399,835.6760553056798,rollout,,
,,200.0,-91830.89552402496,-14113.448767654008,0.05,0.6742796907578135,0.05603994859622646,,,0.44,0.29821085393169733,4.048439475628121,809.6878951256242,rollout,,
,,200.0,-91318.97979465127,-13923.161413890903,0.05,0.6906332489505301,0.05853799722478329,,,0.48666666666666664,5.859643177379834,4.302385932852588,860.4771865705176,rollout,,
,,200.0,-92320.60279488564,-13813.319626330995,0.05,0.7325520540219544,0.05806809237407306,,,0.48166666666666663,2.7138607242091286,4.159345619877372,831.8691239754744,rollout,,
,,200.0,-94301.59848022461,-13851.398877809397,0.05,0.6622196942422295,0.058335913990550346,,,0.4833333333333333,3.579109973603562,4.177220967083876,835.4441934167753,rollout,,
,,200.0,-94783.18231201172,-14088.045316599697,0.05,0.6141481618325398,0.0563180961952295,,,0.4933333333333333,5.393653205697133,4.436814810389071,887.3629620778144,rollout,,
,,200.0,-95336.07330322266,-14142.12295353057,0.05,0.6708475000192591,0.05659604222104456,,,0.4616666666666667,7.777947759670472,4.336528387509608,867.3056775019215,rollout,,
,,200.0,-94874.3778424263,-14048.846287722832,0.05,0.5568851742389909,0.05690000320538003,,,0.4933333333333333,3.9599266271535476,4.3815142838986585,876.3028567797317,rollout,,
,,200.0,-95983.67214608192,-14232.193388046522,0.05,0.7429147616132834,0.05747864912591839,,,0.47666666666666674,4.381116521087449,3.8258428905247364,765.1685781049473,rollout,,
,,200.0,-95976.01249349117,-13996.216474504878,0.05,0.7640625492471854,0.05530434722881849,,,0.4533333333333333,1.0187032184960116,3.9971114946554094,799.4222989310819,rollout,,
,,200.0,-96450.6429605484,-13918.498499959918,0.05,0.6107801546298841,0.05687084138964258,,,0.4733333333333333,1.7419251954295556,4.302163153684147,860.4326307368295,rollout,,
,,200.0,-97430.50694727898,-13791.839208955344,0.05,0.768732339848893,0.05563161517987941,,,0.45666666666666655,5.490890986730629,4.339939946089145,867.9879892178291,rollout,,
12877.1376953125,14835.947265625,,,,0.05,,,20879.935546875,505.7876892089844,,,,,update,8860.6416015625,5918.576171875
,,200.0,-98538.80224609375,-13684.330029066909,0.05,0.7136212088092784,0.058645190366457475,,,0.4833333333333333,5.77013824794787,4.056505041545484,811.3010083090968,rollout,,
,,200.0,-99088.87176513672,-13889.69185896383,0.05,0.7453752255315242,0.05895527103306721,,,0.47,6.291782315649357,3.9726790368134317,794.5358073626863,rollout,,
,,200.0,-98476.86202406883,-13837.09113189995,0.05,0.6774215542820513,0.057472280800719845,,,0.46666666666666656,3.89260888304937,4.538760104897492,907.7520209794984,rollout,,
,,200.0,-100004.35028076172,-13964.674373774573,0.05,0.5816137489058568,0.05762621291516148,,,0.475,6.520755506386082,4.662124448565709,932.424889713142,rollout,,
,,200.0,-100097.12814378738,-13963.100539331295,0.05,0.610664965184621,0.05735676215171433,,,0.5066666666666666,1.804903476265332,4.316667120767881,863.3334241535762,rollout,,
,,200.0,-99554.36047157645,-14006.360472051976,0.05,0.6785178770120976,0.05883245530118769,,,0.4766666666666666,0.1708280813403798,4.346361640839104,869.2723281678209,rollout,,
,,200.0,-101093.26176905632,-13777.100245208223,0.05,0.7067973996695389,0.056978320104776416,,,0.46333333333333326,5.957575822497107,4.408339402522609,881.6678805045218,rollout,,
,,200.0,-101661.02672982216,-13818.84135777326,0.05,0.6738872140318347,0.057781221527732775,,,0.46666666666666656,4.8445237195742195,4.254985533816514,850.9971067633029,rollout,,
,,200.0,-102719.86581420898,-14013.477995265659,0.05,0.6875582476276736,0.05672330829475768,,,0.46833333333333327,5.893923928378397,4.20003975135598,840.007950271196,rollout,,
,,200.0,-101770.50722062588,-14182.594383422123,0.05,0.6869693066651927,0.058565178512519356,,,0.48,5.033488328044753,3.655438439432549,731.0876878865098,rollout,,
,,200.0,-103824.81729125977,-14278.80338263382,0.05,0.6930248625446424,0.06101428041961442,,,0.4916666666666666,4.708136980959837,3.892011217730022,778.4022435460045,rollout,,
,,200.0,-103334.45562028885,-13997.517445650548,0.05,0.6746997815492092,0.057121785044460326,,,0.485,1.5490929738981938,3.6843686578516173,736.8737315703235,rollout,,
,,200.0,-104907.73364257812,-13994.445179257707,0.05,0.747473205173973,0.05940289717526492,,,0.47166666666666673,4.172642683106317,3.7408458184426023,748.1691636885205,rollout,,
,,200.0,-103268.46666955948,-14061.453099935388,0.05,0.6670310401265063,0.057336803467432904,,,0.4666666666666666,4.563481924871822,3.7687246077773295,753.7449215554659,rollout,,
,,200.0,-104824.94105625153,-14099.556544206807,0.05,0.7403225724636793,0.05670973138192809,,,0.4483333333333333,2.246009368473984,3.8791783813260468,775.8356762652094,rollout,,
,,200.0,-105365.892411232,-14031.134571781646,0.05,0.6883713166998182,0.058957848177619336,,,0.46,4.123194971230896,3.77700161850694,755.4003237013881,rollout,,
14275.681640625,16095.8505859375,,,,0.05,,,19108.65625,536.0520629882812,,,,,update,8693.4462890625,5842.86328125
,,200.0,-105764.6781167984,-13889.474009275778,0.05,0.5972535770155538,0.056285984008277286,,,0.46,5.436646514448624,4.39635685602347,879.271371204694,rollout,,
,,200.0,-106408.83391904831,-14001.281826640592,0.05,0.6504581309576375,0.058273355407704876,,,0.4749999999999999,4.467736646252427,3.7382084370100648,747.641687402013,rollout,,
,,200.0,-107428.69524073601,-13894.148811422889,0.05,0.7127280983762816,0.05693419846398488,,,0.47166666666666657,1.4348347536719035,3.9409638278929346,788.1927655785869,rollout,,
,,200.0,-106195.45309662819,-13741.640853610501,0.05,0.5734174412120455,0.05652079046895406,,,0.46166666666666667,5.419046686765178,4.4144120736135095,882.8824147227019,rollout,,
,,200.0,-107916.39869785309,-13570.26448248082,0.05,0.7296910209255236,0.056764454789652925,,,0.47,4.568971349292064,3.888423882199882,777.6847764399764,rollout,,
,,200.0,-108961.59221768379,-13556.142768897766,0.05,0.715351286981685,0.05913674877118206,,,0.49,2.3415639679094182,4.008672549217708,801.7345098435417,rollout,,
,,200.0,-108320.32971739769,-13300.28307340875,0.05,0.6942655289713436,0.05496229349458703,,,0.4666666666666666,0.4140801230223614,4.227065556284896,845.4131112569793,rollout,,
,,200.0,-109376.70423984528,-13106.731458365399,0.05,0.7474865670907848,0.05434487841831873,,,0.45833333333333326,1.7701496029454626,4.249447231122656,849.8894462245312,rollout,,
,,200.0,-109323.85691279173,-12810.755412427057,0.05,0.6966565535076695,0.05644289920168486,,,0.465,0.017181565512076707,4.2953281533826955,859.0656306765392,rollout,,
,,200.0,-111020.9901073575,-12828.719892028203,0.05,0.7157738951039776,0.05766626431777841,,,0.49166666666666664,5.102563807417099,4.041169441477284,808.2338882954568,rollout,,
,,200.0,-111955.3353881836,-12783.30905487634,0.05,0.5482841225483575,0.058055749927429304,,,0.4799999999999999,4.336717405932827,4.906844436094487,981.3688872188974,rollout,,
,,200.0,-111957.0155339241,-12610.68412808725,0.05,0.48031377670691705,0.0581098979498071,,,0.4983333333333333,5.594569409974567,4.663414195816886,932.6828391633771,rollout,,
,,200.0,-113123.0151977539,-12269.04427340442,0.05,0.685492174715616,0.0575320782557681,,,0.4916666666666666,6.322250135674124,4.3689072227176915,873.7814445435383,rollout,,
,,200.0,-113061.81521248817,-11945.466748312443,0.05,0.6521478720319126,0.05804801118474389,,,0.48499999999999993,0.14841364746119315,4.402060488350951,880.4120976701903,rollout,,
,,200.0,-112511.39667654037,-11840.918490256468,0.05,0.7047870027096207,0.05709980471529523,,,0.4866666666666667,0.40961430326617976,3.952993990719975,790.598798143995,rollout,,
,,200.0,-114765.16906738281,-11734.662348622287,0.05,0.7560225497647091,0.05838297120824643,,,0.5016666666666666,3.800312509192627,3.9728072717574094,794.5614543514819,rollout,,
16104.7568359375,17813.517578125,,,,0.05,,,23953.404296875,635.9307861328125,,,,,update,8676.7451171875,5758.82275390625
,,200.0,-113464.83654880524,-11397.09840406283,0.05,0.6465925132503452,0.057115743193952725,,,0.4783333333333333,3.754564423306649,4.365944236084474,873.1888472168947,rollout,,
,,200.0,-114476.081864357,-11101.327410214773,0.05,0.5636198693997907,0.05713914429290831,,,0.46833333333333327,6.609559511540983,4.678160536233925,935.6321072467849,rollout,,
,,200.0,-114572.79065489769,-10843.252002715166,0.05,0.7522336578516517,0.05689831950354343,,,0.4533333333333333,2.3598533350212114,3.9056282456562212,781.1256491312442,rollout,,
,,200.0,-115067.09603714943,-10771.097791094695,0.05,0.7760696606878903,0.05565314282655545,,,0.46166666666666667,4.234610810733155,3.8616447615886993,772.3289523177399,rollout,,
,,200.0,-117317.40454101562,-10711.136249656707,0.05,0.6367800548954174,0.05917260164781719,,,0.4866666666666667,4.648456177090944,4.173339466406854,834.6678932813708,rollout,,
,,200.0,-117911.3872680664,-10721.820430072263,0.05,0.6847609364730689,0.05963756304349282,,,0.5183333333333333,3.5975826385778413,3.932781489627823,786.5562979255646,rollout,,
,,200.0,-118367.8031616211,-10658.763916765944,0.05,0.6159491450231211,0.05966240803417579,,,0.515,5.6906379240552605,4.315098547867188,863.0197095734376,rollout,,
,,200.0,-118273.7073661089,-10448.38528178008,0.05,0.6515051237973192,0.05710794992906731,,,0.4733333333333333,5.928896297727828,4.418564300754089,883.7128601508178,rollout,,
,,200.0,-119442.48504638672,-10045.927853453499,0.05,0.7630540951111625,0.05713870006433839,,,0.44,3.5523453887802887,4.2077416225471005,841.54832450942,rollout,,
,,200.0,-119368.42419290543,-9789.211390111632,0.05,0.7614971394529523,0.058033593951147516,,,0.4833333333333333,4.133303017774141,4.244908672524374,848.9817345048748,rollout,,
,,200.0,-120498.0297241211,-9702.404776948284,0.05,0.783824201731515,0.057478817654244486,,,0.4533333333333333,4.764827471875704,4.208314666574086,841.6629333148173,rollout,,
,,200.0,-120974.77673339844,-9489.918708569017,0.05,0.7408057805714027,0.05741297947735543,,,0.48,9.346859366635172,4.543964195114039,908.7928390228077,rollout,,
,,200.0,-121486.60607910156,-9300.474229232172,0.05,0.709391877970835,0.05836639320835433,,,0.5033333333333333,2.5989116665457748,4.653072118534555,930.6144237069111,rollout,,
,,200.0,-120835.39625620842,-9284.624049168782,0.05,0.8252815028258448,0.056704882512480556,,,0.465,4.419889100884994,4.337670315075006,867.5340630150013,rollout,,
,,200.0,-121966.15964141488,-8948.332807401866,0.05,0.8067344556169951,0.0594963420465224,,,0.48666666666666664,3.1413838372244487,4.316575149000094,863.3150298000188,rollout,,
,,200.0,-122480.14779305458,-8862.947166860378,0.05,0.8172688850684925,0.058431542566112375,,,0.485,5.448554774248526,4.414297345700843,882.8594691401687,rollout,,
17351.458984375,18873.013671875,,,,0.05,,,20629.810546875,931.6410522460938,,,,,update,8836.1884765625,5831.87060546875
,,200.0,-121783.99915099144,-9027.814673034307,0.05,0.6811240496937178,0.057287778966319626,,,0.49166666666666664,6.917525269608657,4.261708848858546,852.3417697717091,rollout,,
,,200.0,-122794.08066701889,-9016.639798440494,0.05,0.5743430803388967,0.05805658665856535,,,0.4833333333333333,5.689195963370115,4.723809918306594,944.7619836613187,rollout,,
,,200.0,-124670.11584472656,-9122.37068529104,0.05,0.7305704955251922,0.05701372689604886,,,0.48,4.494454188530662,4.434499838136672,886.8999676273344,rollout,,
,,200.0,-124511.5791605711,-8768.666851559028,0.05,0.7950102914660662,0.05788767296002975,,,0.47,2.5817833963045316,4.668260472176396,933.6520944352792,rollout,,
,,200.0,-122451.51671946049,-8638.258520531655,0.05,0.719966523364647,0.05381438469234338,,,0.46666666666666673,7.335483160965218,4.7013740392710845,940.274807854217,rollout,,
,,200.0,-124908.99999070168,-8237.399073673663,0.05,0.8218258024823217,0.05687806276785714,,,0.455,5.095241397194549,4.538090970048451,907.6181940096902,rollout,,
,,200.0,-125406.87046194077,-8140.67315993984,0.05,0.859327368763854,0.0553624798838805,,,0.45,5.603963130173173,4.579101876258802,915.8203752517604,rollout,,
,,200.0,-125990.2828142643,-8200.886366388837,0.05,0.7763826446051099,0.05841966627150791,,,0.48166666666666663,0.12840704597941002,4.277255631757592,855.4511263515184,rollout,,
,,200.0,-127157.34402108192,-8301.607403943504,0.05,0.6608007321120892,0.059034965838769236,,,0.4916666666666666,5.944268883203039,4.332906420504474,866.5812841008949,rollout,,
,,200.0,-127575.67912745476,-8136.092561232444,0.05,0.680938874320081,0.05823650066068259,,,0.485,3.8288891107748966,4.817223253383272,963.4446506766544,rollout,,
